Workbook

Sheet Ateliers
A1: LV-AO-METAL-01 — Ateliers consultés (lots 2a aquarium / 2b châssis)
A2: Coordonnées relevées le 29-09-2026 sur les sites des ateliers. Note 0 = écarté (pas d'adresse publiée ou hors propos), 5 = à prendre. Vague 1 = 12 ateliers (6 aquarium, 6 châssis). Cellules jaunes = à compléter.
A4: Réf. | B4: Atelier | C4: Lot | D4: Vague | E4: Langue | F4: Ville (pays) | G4: Site web | H4: E-mail | I4: Téléphone | J4: Spécialité | K4: Remarque | L4: Note Pierre 0–5 (29-09) | M4: Motif si écarté | N4: Contact nominatif
A5: A01 | B5: Inoxytech ICRB bv | C5: 2a Aquarium | D5: Vague 1 | E5: NL | F5: Kuurne (BE) | G5: https://www.inoxytech.be | H5: info@inoxytech.be | I5: +32 56 43 93 93 | J5: Structures inox sur mesure (pharma, horeca, agroalimentaire, construction) | K5: Identification sûre | L5: 2
A6: A02 | B6: Ateliers Emile Meurice SRL | C6: — | D6: Écarté | E6: FR | F6: Montignies-sur-Sambre (BE) | G6: https://www.ateliers-meurice.be | H6: info@ateliers-meurice.be | I6: +32 71 30 72 19 | J6: Usinage de précision, soudure, traitement thermique ; travaille l'inox | K6: Atelier de mécanique plus que chaudronnerie — vérifier que c'est bien le Meurice visé | L6: 0 | M6: hors propos → 0
A7: A03 | B7: Ateliers Charles Webber SRL | C7: — | D7: Écarté | E7: FR | F7: Châtelineau (BE) | G7: https://www.chaudronnerie-webber.be | H7: formulaire de contact | I7: +32 71 38 42 59 | J7: Construction métallique et chaudronnerie, cuves inox, montage sur site | K7: Pas d'e-mail publié | L7: 0 | M7: pas d'adresse e-mail publiée → 0 (note initiale 1)
A8: A04 | B8: B.M.C. Inox (BMCI) | C8: 2a Aquarium | D8: Vague 1 | E8: FR | F8: Saint-Martin-Boulogne (FR) | G8: https://www.bmc-inox.fr | H8: contact@bmc-inox.fr | I8: +33 6 50 83 36 94 | J8: Chaudronnerie inox agroalimentaire et industrielle, soudure sous azote | K8: Pas-de-Calais, ~1 h de Westende | L8: 2
A9: A05 | B9: ADCL Industries | C9: 2a Aquarium | D9: Vague 1 | E9: FR | F9: Dunkerque (FR) | G9: https://adcl-industries.fr | H9: contact@adcl-industries.fr | I9: +33 3 28 51 10 46 | J9: Découpe jet d'eau, pliage, ensembles mécano-soudés acier/inox (chimie, maritime) | K9: Nord, proche de la côte | L9: 1
A10: A06 | B10: KAIROS Maintenance et solutions industrielles | C10: — | D10: Écarté | E10: FR | F10: Calais (FR) | G10: https://www.kairos-hdf.com | H10: formulaire de contact | I10: +33 3 21 96 07 28 | J10: Chaudronnerie-métallerie acier/inox : cuves, châssis, garde-corps | K10: Pas d'e-mail publié | L10: 0 | M10: hors propos → 0
A11: A07 | B11: Scheepswerf IDP NV (IDP Shipyard) | C11: — | D11: Écarté | E11: NL | F11: Oostende (BE) | G11: https://www.idp-shipyard.be | H11: idp@idp-shipyard.be | I11: +32 59 32 18 64 | J11: Chantier naval, ateliers mécanique et chaudronnerie | K11: Plutôt réparation navale | L11: 0 | M11: hors propos → 0
A12: A08 | B12: ConceptInox SRL | C12: — | D12: Écarté | E12: FR | F12: La Bruyère (BE) | G12: https://conceptinox.be | H12: formulaire de contact | I12: +32 478 95 68 72 | J12: Créations inox sur mesure : garde-corps, mobilier, polissage | K12: Petit atelier artisanal | L12: 0 | M12: pas d'adresse e-mail publiée → 0 (note initiale 3)
A13: A09 | B13: Metaalwerken Vanthuyne NV | C13: 2a Aquarium | D13: Vague 1 | E13: NL | F13: Nieuwpoort (BE) | G13: https://www.vanthuynenv.be | H13: info@vanthuynenv.be | I13: +32 58 23 78 84 | J13: Constructions métal, inox, alu ; tôlerie, tournage-fraisage | K13: Identification probable ; à 10 km de Westende | L13: 3
A14: C01 | B14: Ateliers Melens & Dejardin SRL | C14: 2b Châssis | D14: Vague 1 | E14: FR | F14: Jupille-sur-Meuse (BE) | G14: https://www.melensdejardin.be | H14: secretariat@melensdejardin.be | I14: +32 4 362 62 20 | J14: Chaudronnerie industrielle, architecture, art ; pièces sur mesure jusqu'à 8 m | K14: Depuis 1932 ; expérience œuvres d'art | L14: 4
A15: C02 | B15: Moker BV (Metaalkreaties) | C15: — | D15: Écarté | E15: NL | F15: Boom (BE) | G15: https://www.moker.be | H15: formulaire de contact | I15: +32 3 888 96 86 | J15: Metaalatelier art, architecture, design (acier, inox, alu) | K15: Coordonnées via Infosteel, à confirmer | L15: 0 | M15: pas d'adresse e-mail publiée → 0 (note initiale 2)
A16: C03 | B16: Metaalcomfort BVBA | C16: 2b Châssis | D16: Vague 1 | E16: NL | F16: Oostende (BE) | G16: https://www.metaalcomfort.be | H16: info@metaalcomfort.be | I16: +32 59 80 54 60 | J16: Métallerie sur mesure acier/alu/inox : escaliers, balustrades | K16: À 15 km de Westende | L16: 3
A17: C04 | B17: Prosoudure SRL | C17: 2a Aquarium | D17: Vague 1 | E17: FR | F17: Verlaine (BE) | G17: https://www.prosoudure.be | H17: info@prosoudure.be | I17: +32 498 27 64 41 | J17: Construction métallique inox/acier, tôlerie, découpe laser ; EN 1090-2 | K17: Certifié EN 1090-2 | L17: 3
A18: C05 | B18: MV Soudure | C18: 2b Châssis | D18: Vague 1 | E18: FR | F18: Ghlin / Mons (BE) | G18: https://www.mvsoudure.be | H18: info@mvsoudure.be | I18: +32 491 24 96 26 | J18: Ferronnerie-métallerie : garde-corps, escaliers, découpe CNC | L18: 2
A19: C06 | B19: Made in Inox BV | C19: — | D19: Écarté | E19: NL | F19: Poperinge (BE) | G19: https://www.madeininox.be | H19: formulaire de contact | I19: +32 57 38 81 04 | J19: Métallerie inox sur mesure : escaliers, châssis, art | K19: Forge depuis 1878 ; téléphone à confirmer | L19: 0 | M19: pas d'adresse e-mail publiée → 0 (note initiale 3)
A20: C07 | B20: Tecno Art BV | C20: — | D20: Écarté | E20: NL | F20: Kalmthout (BE) | G20: https://tecnoart.be | H20: formulaire de contact | I20: +32 3 651 44 84 | J20: Constructions acier pour espace public, mobilier urbain | K20: Néerlandophone (pas FR) | L20: 0 | M20: pas d'adresse e-mail publiée → 0 (note initiale 2)
A21: C08 | B21: Atelier de Ferronnerie Degueldre SRL | C21: 2b Châssis | D21: Vague 1 | E21: FR | F21: Hermalle-sous-Huy (BE) | G21: https://atelierdegueldre.be | H21: info@atelierdegueldre.be | I21: +32 85 41 21 23 | J21: Ferronnerie sur mesure : escaliers, garde-corps, Corten | L21: 3
A22: C09 | B22: Luc Martin Soudure | C22: 2a Aquarium | D22: Vague 1 | E22: FR | F22: Louveigné (BE) | G22: https://www.lucmartinsoudure.be | H22: inoxmartin@gmail.com | I22: +32 474 94 06 01 | J22: Construction métallique, TIG/MIG, inox ; EN 1090 | K22: Sur rendez-vous | L22: 3
A23: C10 | B23: La Manufacture du Métal | C23: 2b Châssis | D23: Vague 1 | E23: FR | F23: Noyelles-lès-Seclin (FR) | G23: https://manufacture-metal.fr | H23: cb@manufacture-metal.fr | I23: +33 3 20 32 19 65 | J23: Métallerie d'agencement et d'architecture : acier, inox, laiton | L23: 3
A24: C11 | B24: D'ART Design | C24: 2b Châssis | D24: Vague 1 | E24: FR | F24: Steenwerck (FR) | G24: https://dartdesign.fr | H24: Julien@dartdesign.fr | I24: +33 6 03 33 38 95 | J24: Métallerie design : garde-corps, verrières, portails | K24: Petite structure ; intervient en Belgique | L24: 3

Sheet Suivi
A1: LV-AO-METAL-01 — Suivi des demandes d'offre
A2: Jaune = à remplir le jour même de l'envoi / du retour. Relance = date d'envoi + 10 jours (formule). Montant en € HT, hors transport sauf mention. Code lien 3D = suffixe &a=XXX du lien maquette dans le mail ; ouvertures visibles sur stat-les-veilleurs (code STAT).
A4: Réf. | B4: Atelier | C4: Lot | D4: Langue | E4: Contact | F4: Date d'envoi | G4: Relance (J+10) | H4: Réponse (date) | I4: Montant € HT | J4: Délai (semaines) | K4: Décision | L4: Remarques | M4: Code lien 3D | N4: 3D ouverte (stat)
A5: A01 | B5: Inoxytech ICRB bv | C5: 2a Aquarium | D5: NL | E5: info@inoxytech.be | G5: =IF(F5="","",F5+10) | K5: à envoyer | M5: INX
A6: A04 | B6: B.M.C. Inox (BMCI) | C6: 2a Aquarium | D6: FR | E6: contact@bmc-inox.fr | G6: =IF(F6="","",F6+10) | K6: à envoyer | M6: BMC
A7: A05 | B7: ADCL Industries | C7: 2a Aquarium | D7: FR | E7: contact@adcl-industries.fr | G7: =IF(F7="","",F7+10) | K7: à envoyer | M7: ADC
A8: A09 | B8: Metaalwerken Vanthuyne NV | C8: 2a Aquarium | D8: NL | E8: info@vanthuynenv.be | G8: =IF(F8="","",F8+10) | K8: à envoyer | M8: VAN
A9: C01 | B9: Ateliers Melens & Dejardin SRL | C9: 2b Châssis | D9: FR | E9: secretariat@melensdejardin.be | F9: 46294 | G9: =IF(F9="","",F9+10) -> 46304 | K9: envoyé | L9: envoyé depuis Gmail (sans pixel Superhuman) ; lien 3D sans code | M9: MEL
A10: C03 | B10: Metaalcomfort BVBA | C10: 2b Châssis | D10: NL | E10: info@metaalcomfort.be | G10: =IF(F10="","",F10+10) | K10: à envoyer | M10: MTC
A11: C04 | B11: Prosoudure SRL | C11: 2a Aquarium | D11: FR | E11: info@prosoudure.be | G11: =IF(F11="","",F11+10) | K11: à envoyer | M11: PRO
A12: C05 | B12: MV Soudure | C12: 2b Châssis | D12: FR | E12: info@mvsoudure.be | G12: =IF(F12="","",F12+10) | K12: à envoyer | M12: MVS
A13: C08 | B13: Atelier de Ferronnerie Degueldre SRL | C13: 2b Châssis | D13: FR | E13: info@atelierdegueldre.be | G13: =IF(F13="","",F13+10) | K13: à envoyer | M13: DEG
A14: C09 | B14: Luc Martin Soudure | C14: 2a Aquarium | D14: FR | E14: inoxmartin@gmail.com | G14: =IF(F14="","",F14+10) | K14: à envoyer | M14: LMA
A15: C10 | B15: La Manufacture du Métal | C15: 2b Châssis | D15: FR | E15: cb@manufacture-metal.fr | G15: =IF(F15="","",F15+10) | K15: à envoyer | M15: MDM
A16: C11 | B16: D'ART Design | C16: 2b Châssis | D16: FR | E16: Julien@dartdesign.fr | G16: =IF(F16="","",F16+10) | K16: à envoyer | M16: DAD
B18: Envoyés | F18: =COUNTA(F5:F16) -> 1
B19: Offres reçues | F19: =COUNT(I5:I16) -> 0
B20: À relancer aujourd'hui | F20: =SUMPRODUCT((G5:G16<>"")*(G5:G16<=TODAY())*(H5:H16="")) -> 0

Sheet Comparaison
A1: LV-AO-METAL-01 — Grille de comparaison des offres
A2: Montant et délai sont repris automatiquement de l'onglet Suivi. Les colonnes techniques (jaune) se remplissent à la lecture de l'offre : O / N / partiel, ou une note courte.
A4: Réf. | B4: Atelier | C4: Lot | D4: Montant € HT | E4: Délai (sem.) | F4: Écart au moins-disant | G4: Nuance 316L confirmée | H4: Certificat matière 3.1 | I4: Essai / recette prévu | J4: Transport et pose inclus | K4: Garantie 10 ans | L4: Conformité au cahier | M4: Points ouverts | N4: Note globale (1-5)
A5: A01 | B5: Inoxytech ICRB bv | C5: 2a Aquarium | D5: =IFERROR(IF(INDEX(Suivi!$I$5:$I$16,MATCH(A5,Suivi!$A$5:$A$16,0))="","",INDEX(Suivi!$I$5:$I$16,MATCH(A5,Suivi!$A$5:$A$16,0))),"") | E5: =IFERROR(IF(INDEX(Suivi!$J$5:$J$16,MATCH(A5,Suivi!$A$5:$A$16,0))="","",INDEX(Suivi!$J$5:$J$16,MATCH(A5,Suivi!$A$5:$A$16,0))),"") | F5: =IF(D5="","",D5-SUMPRODUCT(MIN(($C$5:$C$16=C5)*($D$5:$D$16<>"")*$D$5:$D$16+(($C$5:$C$16<>C5)+($D$5:$D$16=""))*9E+099)))
A6: A04 | B6: B.M.C. Inox (BMCI) | C6: 2a Aquarium | D6: =IFERROR(IF(INDEX(Suivi!$I$5:$I$16,MATCH(A6,Suivi!$A$5:$A$16,0))="","",INDEX(Suivi!$I$5:$I$16,MATCH(A6,Suivi!$A$5:$A$16,0))),"") | E6: =IFERROR(IF(INDEX(Suivi!$J$5:$J$16,MATCH(A6,Suivi!$A$5:$A$16,0))="","",INDEX(Suivi!$J$5:$J$16,MATCH(A6,Suivi!$A$5:$A$16,0))),"") | F6: =IF(D6="","",D6-SUMPRODUCT(MIN(($C$5:$C$16=C6)*($D$5:$D$16<>"")*$D$5:$D$16+(($C$5:$C$16<>C6)+($D$5:$D$16=""))*9E+099)))
A7: A05 | B7: ADCL Industries | C7: 2a Aquarium | D7: =IFERROR(IF(INDEX(Suivi!$I$5:$I$16,MATCH(A7,Suivi!$A$5:$A$16,0))="","",INDEX(Suivi!$I$5:$I$16,MATCH(A7,Suivi!$A$5:$A$16,0))),"") | E7: =IFERROR(IF(INDEX(Suivi!$J$5:$J$16,MATCH(A7,Suivi!$A$5:$A$16,0))="","",INDEX(Suivi!$J$5:$J$16,MATCH(A7,Suivi!$A$5:$A$16,0))),"") | F7: =IF(D7="","",D7-SUMPRODUCT(MIN(($C$5:$C$16=C7)*($D$5:$D$16<>"")*$D$5:$D$16+(($C$5:$C$16<>C7)+($D$5:$D$16=""))*9E+099)))
A8: A09 | B8: Metaalwerken Vanthuyne NV | C8: 2a Aquarium | D8: =IFERROR(IF(INDEX(Suivi!$I$5:$I$16,MATCH(A8,Suivi!$A$5:$A$16,0))="","",INDEX(Suivi!$I$5:$I$16,MATCH(A8,Suivi!$A$5:$A$16,0))),"") | E8: =IFERROR(IF(INDEX(Suivi!$J$5:$J$16,MATCH(A8,Suivi!$A$5:$A$16,0))="","",INDEX(Suivi!$J$5:$J$16,MATCH(A8,Suivi!$A$5:$A$16,0))),"") | F8: =IF(D8="","",D8-SUMPRODUCT(MIN(($C$5:$C$16=C8)*($D$5:$D$16<>"")*$D$5:$D$16+(($C$5:$C$16<>C8)+($D$5:$D$16=""))*9E+099)))
A9: C01 | B9: Ateliers Melens & Dejardin SRL | C9: 2b Châssis | D9: =IFERROR(IF(INDEX(Suivi!$I$5:$I$16,MATCH(A9,Suivi!$A$5:$A$16,0))="","",INDEX(Suivi!$I$5:$I$16,MATCH(A9,Suivi!$A$5:$A$16,0))),"") | E9: =IFERROR(IF(INDEX(Suivi!$J$5:$J$16,MATCH(A9,Suivi!$A$5:$A$16,0))="","",INDEX(Suivi!$J$5:$J$16,MATCH(A9,Suivi!$A$5:$A$16,0))),"") | F9: =IF(D9="","",D9-SUMPRODUCT(MIN(($C$5:$C$16=C9)*($D$5:$D$16<>"")*$D$5:$D$16+(($C$5:$C$16<>C9)+($D$5:$D$16=""))*9E+099)))
A10: C03 | B10: Metaalcomfort BVBA | C10: 2b Châssis | D10: =IFERROR(IF(INDEX(Suivi!$I$5:$I$16,MATCH(A10,Suivi!$A$5:$A$16,0))="","",INDEX(Suivi!$I$5:$I$16,MATCH(A10,Suivi!$A$5:$A$16,0))),"") | E10: =IFERROR(IF(INDEX(Suivi!$J$5:$J$16,MATCH(A10,Suivi!$A$5:$A$16,0))="","",INDEX(Suivi!$J$5:$J$16,MATCH(A10,Suivi!$A$5:$A$16,0))),"") | F10: =IF(D10="","",D10-SUMPRODUCT(MIN(($C$5:$C$16=C10)*($D$5:$D$16<>"")*$D$5:$D$16+(($C$5:$C$16<>C10)+($D$5:$D$16=""))*9E+099)))
A11: C04 | B11: Prosoudure SRL | C11: 2a Aquarium | D11: =IFERROR(IF(INDEX(Suivi!$I$5:$I$16,MATCH(A11,Suivi!$A$5:$A$16,0))="","",INDEX(Suivi!$I$5:$I$16,MATCH(A11,Suivi!$A$5:$A$16,0))),"") | E11: =IFERROR(IF(INDEX(Suivi!$J$5:$J$16,MATCH(A11,Suivi!$A$5:$A$16,0))="","",INDEX(Suivi!$J$5:$J$16,MATCH(A11,Suivi!$A$5:$A$16,0))),"") | F11: =IF(D11="","",D11-SUMPRODUCT(MIN(($C$5:$C$16=C11)*($D$5:$D$16<>"")*$D$5:$D$16+(($C$5:$C$16<>C11)+($D$5:$D$16=""))*9E+099)))
A12: C05 | B12: MV Soudure | C12: 2b Châssis | D12: =IFERROR(IF(INDEX(Suivi!$I$5:$I$16,MATCH(A12,Suivi!$A$5:$A$16,0))="","",INDEX(Suivi!$I$5:$I$16,MATCH(A12,Suivi!$A$5:$A$16,0))),"") | E12: =IFERROR(IF(INDEX(Suivi!$J$5:$J$16,MATCH(A12,Suivi!$A$5:$A$16,0))="","",INDEX(Suivi!$J$5:$J$16,MATCH(A12,Suivi!$A$5:$A$16,0))),"") | F12: =IF(D12="","",D12-SUMPRODUCT(MIN(($C$5:$C$16=C12)*($D$5:$D$16<>"")*$D$5:$D$16+(($C$5:$C$16<>C12)+($D$5:$D$16=""))*9E+099)))
A13: C08 | B13: Atelier de Ferronnerie Degueldre SRL | C13: 2b Châssis | D13: =IFERROR(IF(INDEX(Suivi!$I$5:$I$16,MATCH(A13,Suivi!$A$5:$A$16,0))="","",INDEX(Suivi!$I$5:$I$16,MATCH(A13,Suivi!$A$5:$A$16,0))),"") | E13: =IFERROR(IF(INDEX(Suivi!$J$5:$J$16,MATCH(A13,Suivi!$A$5:$A$16,0))="","",INDEX(Suivi!$J$5:$J$16,MATCH(A13,Suivi!$A$5:$A$16,0))),"") | F13: =IF(D13="","",D13-SUMPRODUCT(MIN(($C$5:$C$16=C13)*($D$5:$D$16<>"")*$D$5:$D$16+(($C$5:$C$16<>C13)+($D$5:$D$16=""))*9E+099)))
A14: C09 | B14: Luc Martin Soudure | C14: 2a Aquarium | D14: =IFERROR(IF(INDEX(Suivi!$I$5:$I$16,MATCH(A14,Suivi!$A$5:$A$16,0))="","",INDEX(Suivi!$I$5:$I$16,MATCH(A14,Suivi!$A$5:$A$16,0))),"") | E14: =IFERROR(IF(INDEX(Suivi!$J$5:$J$16,MATCH(A14,Suivi!$A$5:$A$16,0))="","",INDEX(Suivi!$J$5:$J$16,MATCH(A14,Suivi!$A$5:$A$16,0))),"") | F14: =IF(D14="","",D14-SUMPRODUCT(MIN(($C$5:$C$16=C14)*($D$5:$D$16<>"")*$D$5:$D$16+(($C$5:$C$16<>C14)+($D$5:$D$16=""))*9E+099)))
A15: C10 | B15: La Manufacture du Métal | C15: 2b Châssis | D15: =IFERROR(IF(INDEX(Suivi!$I$5:$I$16,MATCH(A15,Suivi!$A$5:$A$16,0))="","",INDEX(Suivi!$I$5:$I$16,MATCH(A15,Suivi!$A$5:$A$16,0))),"") | E15: =IFERROR(IF(INDEX(Suivi!$J$5:$J$16,MATCH(A15,Suivi!$A$5:$A$16,0))="","",INDEX(Suivi!$J$5:$J$16,MATCH(A15,Suivi!$A$5:$A$16,0))),"") | F15: =IF(D15="","",D15-SUMPRODUCT(MIN(($C$5:$C$16=C15)*($D$5:$D$16<>"")*$D$5:$D$16+(($C$5:$C$16<>C15)+($D$5:$D$16=""))*9E+099)))
A16: C11 | B16: D'ART Design | C16: 2b Châssis | D16: =IFERROR(IF(INDEX(Suivi!$I$5:$I$16,MATCH(A16,Suivi!$A$5:$A$16,0))="","",INDEX(Suivi!$I$5:$I$16,MATCH(A16,Suivi!$A$5:$A$16,0))),"") | E16: =IFERROR(IF(INDEX(Suivi!$J$5:$J$16,MATCH(A16,Suivi!$A$5:$A$16,0))="","",INDEX(Suivi!$J$5:$J$16,MATCH(A16,Suivi!$A$5:$A$16,0))),"") | F16: =IF(D16="","",D16-SUMPRODUCT(MIN(($C$5:$C$16=C16)*($D$5:$D$16<>"")*$D$5:$D$16+(($C$5:$C$16<>C16)+($D$5:$D$16=""))*9E+099)))
B18: Moins-disant 2a Aquarium | D18: =IFERROR(SUMPRODUCT(MIN(($C$5:$C$16="2a Aquarium")*($D$5:$D$16<>"")*$D$5:$D$16+(($C$5:$C$16<>"2a Aquarium")+($D$5:$D$16=""))*9E+099)),"") | E18: =IFERROR(AVERAGEIFS($D$5:$D$16,$C$5:$C$16,"2a Aquarium"),"")
B19: Moins-disant 2b Châssis | D19: =IFERROR(SUMPRODUCT(MIN(($C$5:$C$16="2b Châssis")*($D$5:$D$16<>"")*$D$5:$D$16+(($C$5:$C$16<>"2b Châssis")+($D$5:$D$16=""))*9E+099)),"") | E19: =IFERROR(AVERAGEIFS($D$5:$D$16,$C$5:$C$16,"2b Châssis"),"")
B20: Colonne E des lignes de synthèse = montant moyen du lot.

Sheet Légende
A1: Fichier | B1: LV-AO-METAL-01 — appels d'offres menuiserie métallique, Les Veilleurs (Eva L'Hoest, Beaufort 27)
A2: Lots | B2: 2a = aquarium (caisson inox 316L, couvercle, joint, essai) · 2b = châssis de l'écran (tube 80×40×3 316L, 1 890 hors tout, montants 1 728 dont 528 encastrés)
A3: Courrier | B3: Modèle validé le 29-09-2026 (FR/EN/NL) : voix d'Eva, contact Gioacchino seul, signature Production Office ajoutée par Gmail ; expéditeur eva.production.bx@gmail.com ; liens = Drive de l'item + maquette 3D
A4: Règle | B4: Un seul item par atelier au premier contact ; le second item lui est proposé plus tard si le courant passe
A5: Onglet Ateliers | B5: 20 ateliers repérés, notés de 0 à 5 par Pierre le 29-09-2026 ; 12 en vague 1 (6 aquarium, 6 châssis), 8 écartés (lignes grises : pas d'adresse publiée ou hors propos)
A6: Onglet Suivi | B6: Une ligne par envoi ; consigner le jour même. Relance calculée à J+10. Décision : liste déroulante
A7: Onglet Comparaison | B7: Grille unique par lot ; montant et délai repris du Suivi ; colonnes techniques à remplir à la lecture des offres
A8: Cellules jaunes | B8: À remplir
A9: Signature des courriers | B9: Eva L'Hoest (artiste, maître d'œuvre) ; Gioacchino Miceli (assistant électromécanique)
A10: Sources contacts | B10: Sites des ateliers, Infosteel, annuaires (Cylex, Kompass) — relevé du 29-09-2026
